<?xml version="1.0" encoding="UTF-8"?>
<!DOCTYPE fontscolors PUBLIC "-//NetBeans//DTD Editor Fonts and Colors settings 1.1//EN" "http://www.netbeans.org/dtds/EditorFontsColors-1_1.dtd">
<fontscolors>
    <fontcolor default="identifier" name="mod-parameter-declaration" underline="ff282828"/>
    <fontcolor default="field" name="mod-field"/>
    <fontcolor name="mod-abstract" underline="ff32593d"/>
    <fontcolor default="identifier" name="mod-parameter"/>
    <fontcolor default="identifier" foreColor="ffbab714" name="mod-annotation-type"/>
    <fontcolor default="identifier" name="mod-class"/>
    <fontcolor default="string" name="string-escape-invalid" underline="ff32593d"/>
    <fontcolor default="identifier" foreColor="yellow" name="mod-annotation-type-declaration" underline="ff32593d">
        <font style="bold"/>
    </fontcolor>
    <fontcolor default="identifier" name="mod-constructor-declaration"/>
    <fontcolor default="separator" foreColor="ffcc7832" name="separator"/>
    <fontcolor default="identifier" name="mod-constructor" underline="ff282828"/>
    <fontcolor default="identifier" name="mod-enum"/>
</fontscolors>
