<?xml version="1.0" encoding="UTF-8"?>
<library xmlns="http://www.netbeans.org/ns/library-declaration/3" version="3.0">
    <name>Hibernate_5.3</name>
    <type>j2se</type>
    <display-name>Hibernate 5.3</display-name>
    <volume>
        <type>classpath</type>
        <resource>jar:file:/C:/Users/Admin/Documents/Hebernate%205.3.7/antlr-2.7.7.jar!/</resource>
        <resource>jar:file:/C:/Users/Admin/Documents/Hebernate%205.3.7/byte-buddy-1.8.17.jar!/</resource>
        <resource>jar:file:/C:/Users/Admin/Documents/Hebernate%205.3.7/classmate-1.3.4.jar!/</resource>
        <resource>jar:file:/C:/Users/Admin/Documents/Hebernate%205.3.7/dom4j-2.1.1.jar!/</resource>
        <resource>jar:file:/C:/Users/Admin/Documents/Hebernate%205.3.7/hibernate-commons-annotations-5.0.4.Final.jar!/</resource>
        <resource>jar:file:/C:/Users/Admin/Documents/Hebernate%205.3.7/hibernate-core-5.3.7.Final.jar!/</resource>
        <resource>jar:file:/C:/Users/Admin/Documents/Hebernate%205.3.7/jandex-2.0.5.Final.jar!/</resource>
        <resource>jar:file:/C:/Users/Admin/Documents/Hebernate%205.3.7/javassist-3.23.1-GA.jar!/</resource>
        <resource>jar:file:/C:/Users/Admin/Documents/Hebernate%205.3.7/javax.activation-api-1.2.0.jar!/</resource>
        <resource>jar:file:/C:/Users/Admin/Documents/Hebernate%205.3.7/javax.persistence-api-2.2.jar!/</resource>
        <resource>jar:file:/C:/Users/Admin/Documents/Hebernate%205.3.7/jboss-logging-3.3.2.Final.jar!/</resource>
        <resource>jar:file:/C:/Users/Admin/Documents/Hebernate%205.3.7/jboss-transaction-api_1.2_spec-1.1.1.Final.jar!/</resource>
    </volume>
    <volume>
        <type>src</type>
    </volume>
    <volume>
        <type>javadoc</type>
    </volume>
    <volume>
        <type>maven-pom</type>
    </volume>
    <properties/>
</library>
