<?xml version="1.0" encoding="UTF-8"?>
<library xmlns="http://www.netbeans.org/ns/library-declaration/3" version="3.0">
    <name>hibernate4-persistence</name>
    <type>j2se</type>
    <localizing-bundle>org/netbeans/modules/hibernate4lib/resources/Bundle</localizing-bundle>
    <volume>
        <type>classpath</type>
        <resource>jar:nbinst://org.netbeans.modules.hibernate4lib/modules/ext/hibernate4/antlr-2.7.7.jar!/</resource>
        <resource>jar:nbinst://org.netbeans.modules.hibernate4lib/modules/ext/hibernate4/c3p0-0.9.2.1.jar!/</resource>
        <resource>jar:nbinst://org.netbeans.modules.hibernate4lib/modules/ext/hibernate4/hibernate-c3p0-4.3.1.Final.jar!/</resource>
        <resource>jar:nbinst://org.netbeans.modules.hibernate4lib/modules/ext/hibernate4/mchange-commons-java-0.2.3.4.jar!/</resource>
        <resource>jar:nbinst://org.netbeans.modules.hibernate4lib/modules/ext/hibernate4/dom4j-1.6.1.jar!/</resource>
        <resource>jar:nbinst://org.netbeans.modules.hibernate4lib/modules/ext/hibernate4/ehcache-core-2.4.3.jar!/</resource>
        <resource>jar:nbinst://org.netbeans.modules.hibernate4lib/modules/ext/hibernate4/hibernate-ehcache-4.3.1.Final.jar!/</resource>
        <resource>jar:nbinst://org.netbeans.modules.hibernate4lib/modules/ext/hibernate4/hibernate-core-4.3.1.Final.jar!/</resource>
        <resource>jar:nbinst://org.netbeans.modules.hibernate4lib/modules/ext/hibernate4/jboss-logging-3.1.3.GA.jar!/</resource>
        <resource>jar:nbinst://org.netbeans.modules.hibernate4lib/modules/ext/hibernate4/hibernate-commons-annotations-4.0.4.Final.jar!/</resource>
        <resource>jar:nbinst://org.netbeans.modules.hibernate4lib/modules/ext/hibernate4/hibernate-entitymanager-4.3.1.Final.jar!/</resource>
        <resource>jar:nbinst://org.netbeans.modules.hibernate4lib/modules/ext/hibernate4/javassist-3.18.1-GA.jar!/</resource>
        <resource>jar:nbinst://org.netbeans.modules.hibernate4lib/modules/ext/hibernate4/jboss-transaction-api_1.2_spec-1.0.0.Final.jar!/</resource>
        <resource>jar:nbinst://org.netbeans.modules.hibernate4lib/modules/ext/hibernate4/slf4j-api-1.6.1.jar!/</resource>
        <resource>jar:nbinst://org.netbeans.modules.hibernate4lib/modules/ext/hibernate4/slf4j-simple-1.6.1.jar!/</resource>
        <resource>jar:nbinst://org.netbeans.modules.hibernate4lib/modules/ext/hibernate4/hibernate-jpa-2.1-api-1.0.0.Final.jar!/</resource>
        <resource>jar:file:/C:/Users/Admin/Documents/Hebernate%205.3.7/antlr-2.7.7.jar!/</resource>
        <resource>jar:file:/C:/Users/Admin/Documents/Hebernate%205.3.7/byte-buddy-1.8.17.jar!/</resource>
        <resource>jar:file:/C:/Users/Admin/Documents/Hebernate%205.3.7/classmate-1.3.4.jar!/</resource>
        <resource>jar:file:/C:/Users/Admin/Documents/Hebernate%205.3.7/dom4j-2.1.1.jar!/</resource>
        <resource>jar:file:/C:/Users/Admin/Documents/Hebernate%205.3.7/hibernate-commons-annotations-5.0.4.Final.jar!/</resource>
        <resource>jar:file:/C:/Users/Admin/Documents/Hebernate%205.3.7/hibernate-core-5.3.7.Final.jar!/</resource>
        <resource>jar:file:/C:/Users/Admin/Documents/Hebernate%205.3.7/jandex-2.0.5.Final.jar!/</resource>
        <resource>jar:file:/C:/Users/Admin/Documents/Hebernate%205.3.7/javassist-3.23.1-GA.jar!/</resource>
        <resource>jar:file:/C:/Users/Admin/Documents/Hebernate%205.3.7/javax.activation-api-1.2.0.jar!/</resource>
        <resource>jar:file:/C:/Users/Admin/Documents/Hebernate%205.3.7/javax.persistence-api-2.2.jar!/</resource>
        <resource>jar:file:/C:/Users/Admin/Documents/Hebernate%205.3.7/jboss-logging-3.3.2.Final.jar!/</resource>
        <resource>jar:file:/C:/Users/Admin/Documents/Hebernate%205.3.7/jboss-transaction-api_1.2_spec-1.1.1.Final.jar!/</resource>
    </volume>
    <volume>
        <type>src</type>
    </volume>
    <volume>
        <type>javadoc</type>
        <resource>jar:nbinst://org.netbeans.modules.j2ee.eclipselink/modules/ext/docs/javax.persistence-2.1.0-doc.zip!/</resource>
    </volume>
    <volume>
        <type>maven-pom</type>
    </volume>
    <properties>
        <property>
            <name>maven-dependencies</name>
            <value>
                org.hibernate:hibernate-entitymanager:4.3.1.Final:jar
            </value>
        </property>
    </properties>
</library>
