<?xml version="1.0" encoding="UTF-8"?>
<library xmlns="http://www.netbeans.org/ns/library-declaration/3" version="3.0">
    <name>javac-api</name>
    <type>j2se</type>
    <localizing-bundle>org/netbeans/libs/javacapi/Bundle</localizing-bundle>
    <volume>
        <type>classpath</type>
        <resource>jar:nbinst://org.netbeans.libs.javacapi/modules/ext/nb-javac-api.jar!/</resource>
        <resource>jar:file:/C:/Users/Admin/Documents/NetBeansProjects/Training/Test_jar_2/lib/antlr-2.7.7.jar!/</resource>
        <resource>jar:file:/C:/Users/Admin/Documents/NetBeansProjects/Training/Test_jar_2/lib/byte-buddy-1.8.17.jar!/</resource>
        <resource>jar:file:/C:/Users/Admin/Documents/NetBeansProjects/Training/Test_jar_2/lib/classmate-1.3.4.jar!/</resource>
        <resource>jar:file:/C:/Users/Admin/Documents/NetBeansProjects/Training/Test_jar_2/lib/dom4j-2.1.1.jar!/</resource>
        <resource>jar:file:/C:/Users/Admin/Documents/NetBeansProjects/Training/Test_jar_2/lib/hibernate-commons-annotations-5.0.4.Final.jar!/</resource>
        <resource>jar:file:/C:/Users/Admin/Documents/NetBeansProjects/Training/Test_jar_2/lib/hibernate-core-5.3.7.Final.jar!/</resource>
        <resource>jar:file:/C:/Users/Admin/Documents/NetBeansProjects/Training/Test_jar_2/lib/jandex-2.0.5.Final.jar!/</resource>
        <resource>jar:file:/C:/Users/Admin/Documents/NetBeansProjects/Training/Test_jar_2/lib/javassist-3.23.1-GA.jar!/</resource>
        <resource>jar:file:/C:/Users/Admin/Documents/NetBeansProjects/Training/Test_jar_2/lib/javax.activation-api-1.2.0.jar!/</resource>
        <resource>jar:file:/C:/Users/Admin/Documents/NetBeansProjects/Training/Test_jar_2/lib/javax.persistence-api-2.2.jar!/</resource>
        <resource>jar:file:/C:/Users/Admin/Documents/NetBeansProjects/Training/Test_jar_2/lib/jboss-logging-3.3.2.Final.jar!/</resource>
        <resource>jar:file:/C:/Users/Admin/Documents/NetBeansProjects/Training/Test_jar_2/lib/jboss-transaction-api_1.2_spec-1.1.1.Final.jar!/</resource>
        <resource>jar:file:/C:/Users/Admin/Documents/NetBeansProjects/Training/Test_jar_2/lib/mysql-connector-java-5.1.23-bin.jar!/</resource>
    </volume>
    <volume>
        <type>src</type>
    </volume>
    <volume>
        <type>javadoc</type>
    </volume>
    <volume>
        <type>maven-pom</type>
    </volume>
    <properties/>
</library>
