<?xml version="1.0" encoding="UTF-8"?>
<library xmlns="http://www.netbeans.org/ns/library-declaration/3" version="3.0">
    <name>jcalendar</name>
    <type>j2se</type>
    <display-name>jcalendar</display-name>
    <volume>
        <type>classpath</type>
        <resource>jar:file:/C:/Users/Admin/Documents/jcalendar-1.3.2.jar!/</resource>
    </volume>
    <volume>
        <type>src</type>
    </volume>
    <volume>
        <type>javadoc</type>
    </volume>
    <volume>
        <type>maven-pom</type>
    </volume>
    <properties/>
</library>
